{"stats":{"minecraft:used":{"minecraft:oak_trapdoor":4,"minecraft:trident":1179,"minecraft:iron_bars":127,"minecraft:iron_shovel":23,"minecraft:armor_stand":76,"minecraft:dispenser":13,"minecraft:redstone_ore":1,"minecraft:redstone":68,"minecraft:ladder":5,"minecraft:oak_sign":10,"minecraft:light_gray_carpet":36,"minecraft:chest":21,"minecraft:tinted_glass":1,"minecraft:iron_sword":5,"minecraft:structure_block":42,"minecraft:dirt":1,"minecraft:brewing_stand":28,"minecraft:anvil":41,"minecraft:target":124,"minecraft:white_carpet":63,"minecraft:hopper":56,"minecraft:jungle_planks":6,"minecraft:crafter":95,"minecraft:shulker_box":5,"minecraft:golden_shovel":5,"minecraft:acacia_button":1,"minecraft:cyan_wool":28,"minecraft:snowball":324,"minecraft:oak_fence_gate":4,"minecraft:obsidian":6,"minecraft:birch_door":3,"minecraft:glass":12,"minecraft:sea_lantern":1,"minecraft:chipped_anvil":1,"minecraft:birch_chest_boat":28,"minecraft:red_wool":22,"minecraft:iron_block":1,"minecraft:rooted_dirt":25,"minecraft:slime_block":7,"minecraft:lime_dye":2,"minecraft:barrel":42,"minecraft:repeater":18,"minecraft:bedrock":2994,"minecraft:light_gray_wool":61,"minecraft:birch_button":1,"minecraft:tripwire_hook":6,"minecraft:raw_copper_block":1,"minecraft:bow":15,"minecraft:scaffolding":177,"minecraft:iron_trapdoor":74,"minecraft:furnace":3,"minecraft:gold_block":4,"minecraft:trapped_chest":73,"minecraft:red_dye":2,"minecraft:acacia_planks":11,"minecraft:observer":46,"minecraft:oak_chest_boat":6,"minecraft:golden_boots":2,"minecraft:acacia_boat":1,"minecraft:dropper":12,"minecraft:copper_door":28,"minecraft:prismarine_brick_slab":8,"minecraft:birch_planks":11,"minecraft:glass_bottle":24,"minecraft:oak_planks":6,"minecraft:mud_brick_slab":40,"minecraft:ender_pearl":151,"minecraft:wooden_pickaxe":3,"minecraft:sandstone":82,"minecraft:redstone_block":21,"minecraft:fletching_table":1,"minecraft:stonecutter":8,"minecraft:glow_ink_sac":3,"minecraft:white_wool":100,"minecraft:glow_item_frame":34,"minecraft:polished_deepslate_slab":10,"minecraft:blue_dye":2,"minecraft:comparator":1,"minecraft:oak_slab":1,"minecraft:crafting_table":3,"minecraft:blast_furnace":13,"minecraft:birch_sign":11,"minecraft:deepslate_redstone_ore":14,"minecraft:crossbow":8,"minecraft:white_bed":1,"minecraft:lightning_rod":2,"minecraft:nether_gold_ore":2,"minecraft:sticky_piston":5,"minecraft:piston":79,"minecraft:flower_pot":193,"minecraft:netherite_block":12,"minecraft:lever":4,"minecraft:ender_eye":39,"minecraft:black_wool":1,"minecraft:crying_obsidian":7,"minecraft:mace":364,"minecraft:stone_button":12,"minecraft:command_block":67,"minecraft:heavy_weighted_pressure_plate":64,"minecraft:string":17,"minecraft:oak_button":109,"minecraft:spruce_pressure_plate":19,"minecraft:spruce_trapdoor":2,"minecraft:gravel":10,"minecraft:potion":38,"minecraft:pink_shulker_box":48,"minecraft:repeating_command_block":7,"minecraft:stripped_oak_wood":5,"minecraft:white_stained_glass":2,"minecraft:end_portal_frame":80,"minecraft:chain_command_block":36,"minecraft:chain":6,"minecraft:smooth_stone_slab":1,"minecraft:oak_boat":2,"minecraft:polished_blackstone_button":94,"minecraft:air":24,"minecraft:coarse_dirt":24,"minecraft:diamond_leggings":2,"minecraft:cobweb":5,"minecraft:experience_bottle":10},"minecraft:custom":{"minecraft:inspect_dropper":227,"minecraft:interact_with_anvil":21,"minecraft:inspect_hopper":362,"minecraft:interact_with_crafting_table":39,"minecraft:open_barrel":45,"minecraft:open_shulker_box":143,"minecraft:leave_game":5,"minecraft:time_since_death":31263,"minecraft:climb_one_cm":1800,"minecraft:sprint_one_cm":113557,"minecraft:walk_one_cm":730846,"minecraft:drop":21,"minecraft:target_hit":306,"minecraft:play_time":1261883,"minecraft:deaths":9,"minecraft:sneak_time":188445,"minecraft:boat_one_cm":1280,"minecraft:jump":8581,"minecraft:interact_with_brewingstand":33,"minecraft:interact_with_blast_furnace":204,"minecraft:total_world_time":1430154,"minecraft:interact_with_furnace":27,"minecraft:pot_flower":4,"minecraft:interact_with_stonecutter":8,"minecraft:time_since_rest":31292,"minecraft:damage_taken":1930,"minecraft:trigger_trapped_chest":57,"minecraft:damage_dealt":0,"minecraft:fly_one_cm":1525066,"minecraft:open_chest":136,"minecraft:crouch_one_cm":363482,"minecraft:fall_one_cm":613015,"minecraft:use_cauldron":24,"minecraft:inspect_dispenser":140},"minecraft:crafted":{"minecraft:black_dye":19,"minecraft:coarse_dirt":24,"minecraft:redstone":12,"minecraft:raw_iron":72,"minecraft:tripwire_hook":8,"minecraft:golden_chestplate":1,"minecraft:iron_nugget":10,"minecraft:blaze_powder":10,"minecraft:packed_mud":24,"minecraft:chain":1,"minecraft:lightning_rod":1,"minecraft:light_gray_wool":3,"minecraft:mud_bricks":24,"minecraft:bone_meal":27,"minecraft:heavy_weighted_pressure_plate":5,"minecraft:white_carpet":18,"minecraft:raw_copper":45,"minecraft:birch_button":1,"minecraft:black_wool":16,"minecraft:ender_eye":7,"minecraft:golden_helmet":1,"minecraft:crossbow":1,"minecraft:iron_trapdoor":44,"minecraft:mud_brick_slab":6,"minecraft:iron_sword":5,"minecraft:copper_door":3,"minecraft:copper_ingot":127,"minecraft:acacia_button":1,"minecraft:air":0,"minecraft:white_wool":6,"minecraft:golden_leggings":1,"minecraft:charcoal":1,"minecraft:gold_nugget":19,"minecraft:white_dye":15,"minecraft:stick":32,"minecraft:iron_ingot":313,"minecraft:black_carpet":24,"minecraft:iron_shovel":2,"minecraft:gold_ingot":1,"minecraft:light_gray_dye":9,"minecraft:light_gray_carpet":9},"minecraft:dropped":{"minecraft:iron_ingot":10,"minecraft:glass_bottle":1,"minecraft:bedrock":2,"minecraft:ink_sac":1,"minecraft:string":127,"minecraft:white_wool":1,"minecraft:redstone_block":4,"minecraft:redstone":1,"minecraft:blaze_rod":2,"minecraft:polished_deepslate_slab":1,"minecraft:target":1,"minecraft:hopper":2,"minecraft:end_portal_frame":1,"minecraft:iron_ore":63,"minecraft:glass":1},"minecraft:mined":{"minecraft:pink_shulker_box":45,"minecraft:potted_wither_rose":30,"minecraft:crafter":95,"minecraft:lever":2,"minecraft:ladder":2,"minecraft:stone_button":2,"minecraft:jungle_planks":4,"minecraft:oak_wall_sign":6,"minecraft:rooted_dirt":13,"minecraft:polished_blackstone_button":54,"minecraft:barrel":47,"minecraft:target":108,"minecraft:dirt_path":12,"minecraft:white_wool":86,"minecraft:tripwire":18,"minecraft:piston_head":1,"minecraft:light_gray_carpet":14,"minecraft:glass":11,"minecraft:potted_oak_sapling":5,"minecraft:oak_planks":5,"minecraft:birch_planks":9,"minecraft:trapped_chest":121,"minecraft:mud":24,"minecraft:tinted_glass":1,"minecraft:white_carpet":21,"minecraft:light_gray_wool":51,"minecraft:black_wool":1,"minecraft:gravel":6,"minecraft:flower_pot":128,"minecraft:dirt":2,"minecraft:cobweb":5,"minecraft:acacia_planks":8,"minecraft:tripwire_hook":1,"minecraft:oak_button":66,"minecraft:piston":56},"minecraft:picked_up":{"minecraft:mud":24,"minecraft:charcoal":2,"minecraft:mud_brick_slab":12,"minecraft:wheat":24,"minecraft:flower_pot":167,"minecraft:redstone_block":8,"minecraft:ladder":5,"minecraft:nether_wart":9,"minecraft:anvil":26,"minecraft:wooden_pickaxe":1,"minecraft:wither_rose":34,"minecraft:gold_block":4,"minecraft:golden_shovel":1,"minecraft:nether_brick":4,"minecraft:chain":3,"minecraft:brewing_stand":18,"minecraft:heavy_weighted_pressure_plate":67,"minecraft:string":27,"minecraft:raw_copper":24,"minecraft:smooth_stone_slab":19,"minecraft:armor_stand":60,"minecraft:white_carpet":27,"minecraft:iron_shovel":7,"minecraft:experience_bottle":132,"minecraft:pink_shulker_box":47,"minecraft:oak_sign":6,"minecraft:gold_nugget":5,"minecraft:oak_boat":3,"minecraft:light_gray_wool":88,"minecraft:tinted_glass":1,"minecraft:piston":79,"minecraft:raw_copper_block":4,"minecraft:golden_helmet":12,"minecraft:spruce_pressure_plate":2,"minecraft:stick":115,"minecraft:raw_iron":30,"minecraft:glow_item_frame":102,"minecraft:copper_ingot":6,"minecraft:torch":2,"minecraft:target":111,"minecraft:lightning_rod":1,"minecraft:mace":68,"minecraft:stone_button":4,"minecraft:trident":16,"minecraft:redstone":581,"minecraft:copper_door":25,"minecraft:golden_chestplate":13,"minecraft:arrow":98,"minecraft:repeating_command_block":2,"minecraft:command_block":1,"minecraft:iron_block":24,"minecraft:gold_ingot":11,"minecraft:oak_chest_boat":5,"minecraft:blaze_rod":15,"minecraft:iron_bars":112,"minecraft:white_wool":107,"minecraft:feather":59,"minecraft:tripwire_hook":9,"minecraft:golden_leggings":12,"minecraft:crafter":95,"minecraft:birch_planks":12,"minecraft:bedrock":1,"minecraft:flint":58,"minecraft:golden_boots":77,"minecraft:acacia_boat":1,"minecraft:dirt":14,"minecraft:glass":7,"minecraft:acacia_planks":11,"minecraft:stonecutter":6,"minecraft:pink_banner":2,"minecraft:iron_ingot":18,"minecraft:glass_bottle":9,"minecraft:iron_sword":5,"minecraft:oak_planks":7,"minecraft:scaffolding":47,"minecraft:chain_command_block":2,"minecraft:raw_iron_block":8,"minecraft:gravel":13,"minecraft:birch_chest_boat":30,"minecraft:jungle_planks":5,"minecraft:ink_sac":8,"minecraft:trapped_chest":111,"minecraft:barrel":48,"minecraft:dispenser":1,"minecraft:polished_blackstone_button":78,"minecraft:lever":2,"minecraft:redstone_ore":4,"minecraft:crossbow":4,"minecraft:deepslate_redstone_ore":26,"minecraft:oak_button":126,"minecraft:rooted_dirt":17,"minecraft:black_wool":1,"minecraft:oak_sapling":5,"minecraft:light_gray_carpet":18,"minecraft:hopper":2,"minecraft:ender_pearl":94}},"DataVersion":3955}